Model,BLEU,ROUGE-1,ROUGE-L,Perplexity,Emotion_Accuracy
Baseline,0.96849649954051,12.551428520088221,11.141689134367624,13.845308501447033,24.84725050916497
Token-v2,1.0966364625697274,11.659731408876938,10.266110795910906,20.722438291225174,31.697341513292432
Prefix-v2,0.7558289954590893,11.232731594288337,9.246308044280266,22.239220144739313,40.4517453798768
