Model,BLEU,ROUGE-1,ROUGE-L,Emotion_Accuracy
Baseline,1.1102815906887895,13.118736720414951,11.591493798803057,25.102040816326532
Token-v1,1.0530967483184157,12.451465095887452,10.882492191062894,29.65235173824131
Prefix-v1,0.9426406203412131,11.483445107563277,9.784765524851796,36.96098562628337
Token-v2,1.1296760221061468,13.983052198910203,12.081570608771305,30.265848670756647
Prefix-v2,0.7129068147668769,11.116681488943211,9.610422953229655,37.782340862423
